{"_wandb": {"runtime": 230}, "stats/lr": 1.2000000000000002e-06, "stats/grad_norm": 56.0, "stats/samples": 1024, "stats/passes": 1024, "stats/completed_steps": 4, "stats/epoch": 1, "throughput/tokens_perGPU_per_sec": 1031.594562210714, "throughput/tokens_per_sec": 1031.594562210714, "throughput/passes_per_sec": 1.696701582583411, "throughput/steps_per_sec": 0.0066277405569664495, "throughput/sec_per_step": 0.002302261069417, "loss/train": 0.023913508281111717, "rl/max_new_log_probs": -0.0, "rl/max_ratio_new_old": 8.22574234008789, "rl/max_loss": 3.992582082748413, "rl/reward": 0.0, "rl/max_reward": 0.0, "rl/min_reward": 0.0, "rl/mean_old_logprobs": -0.15789830684661865, "rl/mean_new_logprobs": -0.1720113754272461, "rl/mean_ref_logprobs": 0.0, "rl/advantage": 0.0, "rl/max_advantage": 0.0, "rl/min_advantage": 0.0, "rl/loss": 0.05433565750718117, "rl/kl": 1.086713194847107, "rl/max_kl": 2375.709716796875, "rl/min_kl": 0.0, "rl/surr1": 0.0, "rl/surr2": 0.0, "rl/ratio_new_old": 1.0060112476348877, "rl/ratio_ref_new": 2.2587246894836426, "rl/ratio_ref_old": 3.7872796058654785, "loss/eval": 1000000000.0, "loss/dev": 1000000000.0, "loss/perplexity": Infinity, "best/completed_steps": 0, "best/eval_loss": 1000000000.0, "best/perplexity": Infinity, "_timestamp": 1728785308.3962255, "_runtime": 159.9930715560913, "_step": 4}