{"_runtime": 130.23964619636536, "_step": 1, "_timestamp": 1728672283.4977102, "_wandb.runtime": 211, "best/completed_steps": 0, "best/eval_loss": 1000000000, "best/perplexity": "Infinity", "loss/dev": 1000000000, "loss/eval": 1000000000, "loss/perplexity": "Infinity", "loss/train": -0.7449843883514404, "rl/advantage": 22.84518241882324, "rl/kl": 0.04030317813158035, "rl/loss": -0.6077401041984558, "rl/max_advantage": 46.42422103881836, "rl/max_kl": 7.037899017333984, "rl/max_loss": -0.20836064219474792, "rl/max_new_log_probs": 0, "rl/max_ratio_new_old": 4.814186096191406, "rl/max_reward": 1, "rl/mean_new_logprobs": -0.21739903092384336, "rl/mean_old_logprobs": -0.20368334650993347, "rl/mean_ref_logprobs": -0.20368334650993347, "rl/min_advantage": -1.7750842571258545, "rl/min_kl": -5.960464477539064e-08, "rl/min_reward": 0, "rl/ratio_new_old": 1.013644814491272, "rl/ratio_ref_new": 1.0540188550949097, "rl/ratio_ref_old": 1, "rl/reward": 0.6150417327880859, "rl/surr1": 0.6292074918746948, "rl/surr2": 0.6137908697128296, "stats/completed_steps": 1, "stats/epoch": 0, "stats/grad_norm": 8.0625, "stats/lr": 0, "stats/passes": 4, "stats/samples": 16, "throughput/passes_per_sec": 0.8624603012223471, "throughput/sec_per_step": 0.28986841440200806, "throughput/steps_per_sec": 0.21561507530558677, "throughput/tokens_perGPU_per_sec": 2594.28058607682, "throughput/tokens_per_sec": 2594.28058607682, "_wandb": {"runtime": 139}}