{"_runtime": 2921.2447004318237, "_step": 625, "_timestamp": 1728686990.5602074, "_wandb.runtime": 211, "best/completed_steps": 0, "best/eval_loss": 1000000000, "best/perplexity": "Infinity", "loss/dev": 1000000000, "loss/eval": 1000000000, "loss/perplexity": "Infinity", "loss/train": -0.7593787312507629, "rl/advantage": 29.519433975219727, "rl/kl": 0.06565304100513458, "rl/loss": -0.8169199824333191, "rl/max_advantage": 46.42422103881836, "rl/max_kl": 4.403467178344727, "rl/max_loss": -0.21247853338718414, "rl/max_new_log_probs": 0, "rl/max_ratio_new_old": 221.1731414794922, "rl/max_reward": 1, "rl/mean_new_logprobs": -0.05181805044412613, "rl/mean_old_logprobs": -0.19560667872428894, "rl/mean_ref_logprobs": -0.19560667872428894, "rl/min_advantage": -1.7750842571258545, "rl/min_kl": -5.960464477539063e-08, "rl/min_reward": 0, "rl/ratio_new_old": 1.7398464679718018, "rl/ratio_ref_new": 0.92186439037323, "rl/ratio_ref_old": 1, "rl/reward": 0.7853975892066956, "rl/surr1": 1.474708080291748, "rl/surr2": 0.820202648639679, "stats/completed_steps": 625, "stats/epoch": 104, "stats/grad_norm": 0.04345703125, "stats/lr": 6.784300610496049e-06, "stats/passes": 2500, "stats/samples": 10000, "throughput/passes_per_sec": 1.5695677116096558, "throughput/sec_per_step": 0.15927952527999878, "throughput/steps_per_sec": 0.39239192790241395, "throughput/tokens_perGPU_per_sec": 4218.998008806755, "throughput/tokens_per_sec": 4218.998008806755, "_wandb": {"runtime": 236}}